country,indicator,category_indicator
TUV,NY.GDP.MKTP.CD,low
NRU,NY.GDP.MKTP.CD,low
KIR,NY.GDP.MKTP.CD,low
MHL,NY.GDP.MKTP.CD,low
PLW,NY.GDP.MKTP.CD,low
FSM,NY.GDP.MKTP.CD,low
STP,NY.GDP.MKTP.CD,low
TON,NY.GDP.MKTP.CD,low
DMA,NY.GDP.MKTP.CD,low
ASM,NY.GDP.MKTP.CD,low
WSM,NY.GDP.MKTP.CD,low
VCT,NY.GDP.MKTP.CD,low
VUT,NY.GDP.MKTP.CD,low
KNA,NY.GDP.MKTP.CD,low
MNP,NY.GDP.MKTP.CD,low
COM,NY.GDP.MKTP.CD,low
TCA,NY.GDP.MKTP.CD,low
GRD,NY.GDP.MKTP.CD,low
GNB,NY.GDP.MKTP.CD,low
SLB,NY.GDP.MKTP.CD,low
SMR,NY.GDP.MKTP.CD,low
SYC,NY.GDP.MKTP.CD,low
ATG,NY.GDP.MKTP.CD,low
GMB,NY.GDP.MKTP.CD,low
BLZ,NY.GDP.MKTP.CD,low
CPV,NY.GDP.MKTP.CD,low
TLS,NY.GDP.MKTP.CD,low
LCA,NY.GDP.MKTP.CD,low
CAF,NY.GDP.MKTP.CD,low
LSO,NY.GDP.MKTP.CD,low
BTN,NY.GDP.MKTP.CD,low
BDI,NY.GDP.MKTP.CD,low
GRL,NY.GDP.MKTP.CD,low
CUW,NY.GDP.MKTP.CD,low
DJI,NY.GDP.MKTP.CD,low
AND,NY.GDP.MKTP.CD,low
FRO,NY.GDP.MKTP.CD,low
ABW,NY.GDP.MKTP.CD,low
LBR,NY.GDP.MKTP.CD,low
SUR,NY.GDP.MKTP.CD,low
SLE,NY.GDP.MKTP.CD,low
VIR,NY.GDP.MKTP.CD,low
SWZ,NY.GDP.MKTP.CD,low
GUY,NY.GDP.MKTP.CD,low
BRB,NY.GDP.MKTP.CD,low
FJI,NY.GDP.MKTP.CD,low
MNE,NY.GDP.MKTP.CD,low
MDV,NY.GDP.MKTP.CD,low
CYM,NY.GDP.MKTP.CD,low
PYF,NY.GDP.MKTP.CD,low
GUM,NY.GDP.MKTP.CD,low
LIE,NY.GDP.MKTP.CD,mediumLow
SOM,NY.GDP.MKTP.CD,mediumLow
TGO,NY.GDP.MKTP.CD,mediumLow
IMN,NY.GDP.MKTP.CD,mediumLow
MCO,NY.GDP.MKTP.CD,mediumLow
BMU,NY.GDP.MKTP.CD,mediumLow
MRT,NY.GDP.MKTP.CD,mediumLow
XKX,NY.GDP.MKTP.CD,mediumLow
TJK,NY.GDP.MKTP.CD,mediumLow
KGZ,NY.GDP.MKTP.CD,mediumLow
NCL,NY.GDP.MKTP.CD,mediumLow
RWA,NY.GDP.MKTP.CD,mediumLow
PSS,NY.GDP.MKTP.CD,mediumLow
MWI,NY.GDP.MKTP.CD,mediumLow
TCD,NY.GDP.MKTP.CD,mediumLow
GNQ,NY.GDP.MKTP.CD,mediumLow
MDA,NY.GDP.MKTP.CD,mediumLow
NAM,NY.GDP.MKTP.CD,mediumLow
NIC,NY.GDP.MKTP.CD,mediumLow
MKD,NY.GDP.MKTP.CD,mediumLow
COG,NY.GDP.MKTP.CD,mediumLow
NER,NY.GDP.MKTP.CD,mediumLow
BHS,NY.GDP.MKTP.CD,mediumLow
GIN,NY.GDP.MKTP.CD,mediumLow
BRN,NY.GDP.MKTP.CD,mediumLow
ARM,NY.GDP.MKTP.CD,mediumLow
MUS,NY.GDP.MKTP.CD,mediumLow
MDG,NY.GDP.MKTP.CD,mediumLow
MNG,NY.GDP.MKTP.CD,mediumLow
BEN,NY.GDP.MKTP.CD,mediumLow
HTI,NY.GDP.MKTP.CD,mediumLow
MOZ,NY.GDP.MKTP.CD,mediumLow
ALB,NY.GDP.MKTP.CD,mediumLow
MLT,NY.GDP.MKTP.CD,mediumLow
JAM,NY.GDP.MKTP.CD,mediumLow
BFA,NY.GDP.MKTP.CD,mediumLow
BWA,NY.GDP.MKTP.CD,mediumLow
GAB,NY.GDP.MKTP.CD,mediumLow
PSE,NY.GDP.MKTP.CD,mediumLow
MLI,NY.GDP.MKTP.CD,mediumLow
GEO,NY.GDP.MKTP.CD,mediumLow
LAO,NY.GDP.MKTP.CD,mediumLow
AFG,NY.GDP.MKTP.CD,mediumLow
ZWE,NY.GDP.MKTP.CD,mediumLow
BIH,NY.GDP.MKTP.CD,mediumLow
YEM,NY.GDP.MKTP.CD,mediumLow
ZMB,NY.GDP.MKTP.CD,mediumLow
SEN,NY.GDP.MKTP.CD,mediumLow
TTO,NY.GDP.MKTP.CD,mediumLow
PNG,NY.GDP.MKTP.CD,mediumLow
ISL,NY.GDP.MKTP.CD,mediumLow
HND,NY.GDP.MKTP.CD,medium
CYP,NY.GDP.MKTP.CD,medium
SLV,NY.GDP.MKTP.CD,medium
KHM,NY.GDP.MKTP.CD,medium
EST,NY.GDP.MKTP.CD,medium
SDN,NY.GDP.MKTP.CD,medium
NPL,NY.GDP.MKTP.CD,medium
LVA,NY.GDP.MKTP.CD,medium
UGA,NY.GDP.MKTP.CD,medium
PRY,NY.GDP.MKTP.CD,medium
BHR,NY.GDP.MKTP.CD,medium
CMR,NY.GDP.MKTP.CD,medium
BOL,NY.GDP.MKTP.CD,medium
TUN,NY.GDP.MKTP.CD,medium
JOR,NY.GDP.MKTP.CD,medium
TKM,NY.GDP.MKTP.CD,medium
AZE,NY.GDP.MKTP.CD,medium
SRB,NY.GDP.MKTP.CD,medium
LBN,NY.GDP.MKTP.CD,medium
COD,NY.GDP.MKTP.CD,medium
SVN,NY.GDP.MKTP.CD,medium
LTU,NY.GDP.MKTP.CD,medium
MAC,NY.GDP.MKTP.CD,medium
CIV,NY.GDP.MKTP.CD,medium
UZB,NY.GDP.MKTP.CD,medium
TZA,NY.GDP.MKTP.CD,medium
URY,NY.GDP.MKTP.CD,medium
HRV,NY.GDP.MKTP.CD,medium
BLR,NY.GDP.MKTP.CD,medium
CRI,NY.GDP.MKTP.CD,medium
PAN,NY.GDP.MKTP.CD,medium
GHA,NY.GDP.MKTP.CD,medium
MMR,NY.GDP.MKTP.CD,medium
BGR,NY.GDP.MKTP.CD,medium
LBY,NY.GDP.MKTP.CD,medium
AGO,NY.GDP.MKTP.CD,medium
LUX,NY.GDP.MKTP.CD,medium
GTM,NY.GDP.MKTP.CD,medium
CSS,NY.GDP.MKTP.CD,medium
LKA,NY.GDP.MKTP.CD,medium
OMN,NY.GDP.MKTP.CD,medium
DOM,NY.GDP.MKTP.CD,medium
ETH,NY.GDP.MKTP.CD,medium
KEN,NY.GDP.MKTP.CD,medium
CUB,NY.GDP.MKTP.CD,medium
PRI,NY.GDP.MKTP.CD,medium
SVK,NY.GDP.MKTP.CD,medium
ECU,NY.GDP.MKTP.CD,medium
MAR,NY.GDP.MKTP.CD,medium
KWT,NY.GDP.MKTP.CD,medium
UKR,NY.GDP.MKTP.CD,medium
HUN,NY.GDP.MKTP.CD,mediumHigh
DZA,NY.GDP.MKTP.CD,mediumHigh
QAT,NY.GDP.MKTP.CD,mediumHigh
KAZ,NY.GDP.MKTP.CD,mediumHigh
GRC,NY.GDP.MKTP.CD,mediumHigh
NZL,NY.GDP.MKTP.CD,mediumHigh
PER,NY.GDP.MKTP.CD,mediumHigh
IRQ,NY.GDP.MKTP.CD,mediumHigh
PRT,NY.GDP.MKTP.CD,mediumHigh
ROU,NY.GDP.MKTP.CD,mediumHigh
CZE,NY.GDP.MKTP.CD,mediumHigh
FIN,NY.GDP.MKTP.CD,mediumHigh
CHL,NY.GDP.MKTP.CD,mediumHigh
IRN,NY.GDP.MKTP.CD,mediumHigh
EGY,NY.GDP.MKTP.CD,mediumHigh
PAK,NY.GDP.MKTP.CD,mediumHigh
COL,NY.GDP.MKTP.CD,mediumHigh
VNM,NY.GDP.MKTP.CD,mediumHigh
DNK,NY.GDP.MKTP.CD,mediumHigh
BGD,NY.GDP.MKTP.CD,mediumHigh
HKG,NY.GDP.MKTP.CD,mediumHigh
MYS,NY.GDP.MKTP.CD,mediumHigh
SGP,NY.GDP.MKTP.CD,mediumHigh
PHL,NY.GDP.MKTP.CD,mediumHigh
ZAF,NY.GDP.MKTP.CD,mediumHigh
ISR,NY.GDP.MKTP.CD,mediumHigh
IRL,NY.GDP.MKTP.CD,mediumHigh
NOR,NY.GDP.MKTP.CD,mediumHigh
ARE,NY.GDP.MKTP.CD,mediumHigh
OSS,NY.GDP.MKTP.CD,mediumHigh
AUT,NY.GDP.MKTP.CD,mediumHigh
NGA,NY.GDP.MKTP.CD,mediumHigh
ARG,NY.GDP.MKTP.CD,mediumHigh
LIC,NY.GDP.MKTP.CD,mediumHigh
SST,NY.GDP.MKTP.CD,mediumHigh
SWE,NY.GDP.MKTP.CD,mediumHigh
BEL,NY.GDP.MKTP.CD,mediumHigh
THA,NY.GDP.MKTP.CD,mediumHigh
POL,NY.GDP.MKTP.CD,mediumHigh
CHE,NY.GDP.MKTP.CD,mediumHigh
TUR,NY.GDP.MKTP.CD,mediumHigh
AFW,NY.GDP.MKTP.CD,mediumHigh
HPC,NY.GDP.MKTP.CD,mediumHigh
SAU,NY.GDP.MKTP.CD,mediumHigh
NLD,NY.GDP.MKTP.CD,mediumHigh
AFE,NY.GDP.MKTP.CD,mediumHigh
IDB,NY.GDP.MKTP.CD,mediumHigh
IDN,NY.GDP.MKTP.CD,mediumHigh
LDC,NY.GDP.MKTP.CD,mediumHigh
MEX,NY.GDP.MKTP.CD,mediumHigh
IDX,NY.GDP.MKTP.CD,mediumHigh
TMN,NY.GDP.MKTP.CD,high
AUS,NY.GDP.MKTP.CD,high
MNA,NY.GDP.MKTP.CD,high
ESP,NY.GDP.MKTP.CD,high
PRE,NY.GDP.MKTP.CD,high
KOR,NY.GDP.MKTP.CD,high
CEB,NY.GDP.MKTP.CD,high
FCS,NY.GDP.MKTP.CD,high
RUS,NY.GDP.MKTP.CD,high
CAN,NY.GDP.MKTP.CD,high
SSA,NY.GDP.MKTP.CD,high
TSS,NY.GDP.MKTP.CD,high
SSF,NY.GDP.MKTP.CD,high
BRA,NY.GDP.MKTP.CD,high
ITA,NY.GDP.MKTP.CD,high
IDA,NY.GDP.MKTP.CD,high
FRA,NY.GDP.MKTP.CD,high
ARB,NY.GDP.MKTP.CD,high
IND,NY.GDP.MKTP.CD,high
GBR,NY.GDP.MKTP.CD,high
ECA,NY.GDP.MKTP.CD,high
MEA,NY.GDP.MKTP.CD,high
SAS,NY.GDP.MKTP.CD,high
TSA,NY.GDP.MKTP.CD,high
DEU,NY.GDP.MKTP.CD,high
TEC,NY.GDP.MKTP.CD,high
LAC,NY.GDP.MKTP.CD,high
JPN,NY.GDP.MKTP.CD,high
TLA,NY.GDP.MKTP.CD,high
LCN,NY.GDP.MKTP.CD,high
LMC,NY.GDP.MKTP.CD,high
EAR,NY.GDP.MKTP.CD,high
EMU,NY.GDP.MKTP.CD,high
CHN,NY.GDP.MKTP.CD,high
EUU,NY.GDP.MKTP.CD,high
TEA,NY.GDP.MKTP.CD,high
EAP,NY.GDP.MKTP.CD,high
USA,NY.GDP.MKTP.CD,high
ECS,NY.GDP.MKTP.CD,high
LTE,NY.GDP.MKTP.CD,high
NAC,NY.GDP.MKTP.CD,high
UMC,NY.GDP.MKTP.CD,high
EAS,NY.GDP.MKTP.CD,high
IBD,NY.GDP.MKTP.CD,high
MIC,NY.GDP.MKTP.CD,high
LMY,NY.GDP.MKTP.CD,high
IBT,NY.GDP.MKTP.CD,high
PST,NY.GDP.MKTP.CD,high
OED,NY.GDP.MKTP.CD,high
HIC,NY.GDP.MKTP.CD,high
WLD,NY.GDP.MKTP.CD,high
MHL,NE.DAB.TOTL.CD,low
TON,NE.DAB.TOTL.CD,low
VUT,NE.DAB.TOTL.CD,low
SMR,NE.DAB.TOTL.CD,low
COM,NE.DAB.TOTL.CD,low
GNB,NE.DAB.TOTL.CD,low
SLB,NE.DAB.TOTL.CD,low
ATG,NE.DAB.TOTL.CD,low
SYC,NE.DAB.TOTL.CD,low
BLZ,NE.DAB.TOTL.CD,low
GMB,NE.DAB.TOTL.CD,low
CPV,NE.DAB.TOTL.CD,low
TLS,NE.DAB.TOTL.CD,low
DJI,NE.DAB.TOTL.CD,low
CAF,NE.DAB.TOTL.CD,low
BTN,NE.DAB.TOTL.CD,low
BDI,NE.DAB.TOTL.CD,low
FRO,NE.DAB.TOTL.CD,low
GRL,NE.DAB.TOTL.CD,low
ABW,NE.DAB.TOTL.CD,low
LSO,NE.DAB.TOTL.CD,low
SWZ,NE.DAB.TOTL.CD,low
SLE,NE.DAB.TOTL.CD,low
BRB,NE.DAB.TOTL.CD,low
FJI,NE.DAB.TOTL.CD,low
BMU,NE.DAB.TOTL.CD,low
MDV,NE.DAB.TOTL.CD,low
MNE,NE.DAB.TOTL.CD,low
PYF,NE.DAB.TOTL.CD,low
TGO,NE.DAB.TOTL.CD,low
MRT,NE.DAB.TOTL.CD,low
XKX,NE.DAB.TOTL.CD,low
COG,NE.DAB.TOTL.CD,low
TJK,NE.DAB.TOTL.CD,low
GNQ,NE.DAB.TOTL.CD,low
BRN,NE.DAB.TOTL.CD,low
KGZ,NE.DAB.TOTL.CD,low
TCD,NE.DAB.TOTL.CD,low
PSS,NE.DAB.TOTL.CD,low
RWA,NE.DAB.TOTL.CD,low
GAB,NE.DAB.TOTL.CD,low
MLT,NE.DAB.TOTL.CD,low
NIC,NE.DAB.TOTL.CD,low
BHS,NE.DAB.TOTL.CD,low
NAM,NE.DAB.TOTL.CD,mediumLow
MKD,NE.DAB.TOTL.CD,mediumLow
NER,NE.DAB.TOTL.CD,mediumLow
MDA,NE.DAB.TOTL.CD,mediumLow
MDG,NE.DAB.TOTL.CD,mediumLow
BEN,NE.DAB.TOTL.CD,mediumLow
MNG,NE.DAB.TOTL.CD,mediumLow
GIN,NE.DAB.TOTL.CD,mediumLow
ARM,NE.DAB.TOTL.CD,mediumLow
MUS,NE.DAB.TOTL.CD,mediumLow
BFA,NE.DAB.TOTL.CD,mediumLow
BWA,NE.DAB.TOTL.CD,mediumLow
ALB,NE.DAB.TOTL.CD,mediumLow
JAM,NE.DAB.TOTL.CD,mediumLow
HTI,NE.DAB.TOTL.CD,mediumLow
GEO,NE.DAB.TOTL.CD,mediumLow
MLI,NE.DAB.TOTL.CD,mediumLow
ZWE,NE.DAB.TOTL.CD,mediumLow
MOZ,NE.DAB.TOTL.CD,mediumLow
ZMB,NE.DAB.TOTL.CD,mediumLow
PSE,NE.DAB.TOTL.CD,mediumLow
ISL,NE.DAB.TOTL.CD,mediumLow
BIH,NE.DAB.TOTL.CD,mediumLow
CYP,NE.DAB.TOTL.CD,mediumLow
KHM,NE.DAB.TOTL.CD,mediumLow
SEN,NE.DAB.TOTL.CD,mediumLow
MAC,NE.DAB.TOTL.CD,mediumLow
EST,NE.DAB.TOTL.CD,mediumLow
HND,NE.DAB.TOTL.CD,mediumLow
SLV,NE.DAB.TOTL.CD,mediumLow
SDN,NE.DAB.TOTL.CD,mediumLow
BHR,NE.DAB.TOTL.CD,mediumLow
LVA,NE.DAB.TOTL.CD,mediumLow
UGA,NE.DAB.TOTL.CD,mediumLow
PRY,NE.DAB.TOTL.CD,mediumLow
CMR,NE.DAB.TOTL.CD,mediumLow
AZE,NE.DAB.TOTL.CD,mediumLow
NPL,NE.DAB.TOTL.CD,mediumLow
BOL,NE.DAB.TOTL.CD,mediumLow
TUN,NE.DAB.TOTL.CD,mediumLow
LUX,NE.DAB.TOTL.CD,mediumLow
SVN,NE.DAB.TOTL.CD,mediumLow
JOR,NE.DAB.TOTL.CD,mediumLow
LTU,NE.DAB.TOTL.CD,mediumLow
COD,NE.DAB.TOTL.CD,medium
AGO,NE.DAB.TOTL.CD,medium
SRB,NE.DAB.TOTL.CD,medium
URY,NE.DAB.TOTL.CD,medium
CIV,NE.DAB.TOTL.CD,medium
HRV,NE.DAB.TOTL.CD,medium
CRI,NE.DAB.TOTL.CD,medium
LBN,NE.DAB.TOTL.CD,medium
LBY,NE.DAB.TOTL.CD,medium
BLR,NE.DAB.TOTL.CD,medium
TZA,NE.DAB.TOTL.CD,medium
BGR,NE.DAB.TOTL.CD,medium
PAN,NE.DAB.TOTL.CD,medium
MMR,NE.DAB.TOTL.CD,medium
GHA,NE.DAB.TOTL.CD,medium
UZB,NE.DAB.TOTL.CD,medium
OMN,NE.DAB.TOTL.CD,medium
GTM,NE.DAB.TOTL.CD,medium
LKA,NE.DAB.TOTL.CD,medium
PRI,NE.DAB.TOTL.CD,medium
DOM,NE.DAB.TOTL.CD,medium
CUB,NE.DAB.TOTL.CD,medium
SVK,NE.DAB.TOTL.CD,medium
ECU,NE.DAB.TOTL.CD,medium
ETH,NE.DAB.TOTL.CD,medium
KEN,NE.DAB.TOTL.CD,medium
KWT,NE.DAB.TOTL.CD,medium
MAR,NE.DAB.TOTL.CD,medium
QAT,NE.DAB.TOTL.CD,medium
HUN,NE.DAB.TOTL.CD,medium
KAZ,NE.DAB.TOTL.CD,medium
UKR,NE.DAB.TOTL.CD,medium
DZA,NE.DAB.TOTL.CD,medium
IRQ,NE.DAB.TOTL.CD,medium
GRC,NE.DAB.TOTL.CD,medium
NZL,NE.DAB.TOTL.CD,medium
PER,NE.DAB.TOTL.CD,medium
CZE,NE.DAB.TOTL.CD,medium
PRT,NE.DAB.TOTL.CD,medium
ROU,NE.DAB.TOTL.CD,medium
SGP,NE.DAB.TOTL.CD,medium
FIN,NE.DAB.TOTL.CD,medium
CHL,NE.DAB.TOTL.CD,medium
ARE,NE.DAB.TOTL.CD,mediumHigh
DNK,NE.DAB.TOTL.CD,mediumHigh
EGY,NE.DAB.TOTL.CD,mediumHigh
MYS,NE.DAB.TOTL.CD,mediumHigh
COL,NE.DAB.TOTL.CD,mediumHigh
PAK,NE.DAB.TOTL.CD,mediumHigh
HKG,NE.DAB.TOTL.CD,mediumHigh
BGD,NE.DAB.TOTL.CD,mediumHigh
IRL,NE.DAB.TOTL.CD,mediumHigh
ZAF,NE.DAB.TOTL.CD,mediumHigh
ISR,NE.DAB.TOTL.CD,mediumHigh
OSS,NE.DAB.TOTL.CD,mediumHigh
NOR,NE.DAB.TOTL.CD,mediumHigh
PHL,NE.DAB.TOTL.CD,mediumHigh
AUT,NE.DAB.TOTL.CD,mediumHigh
ARG,NE.DAB.TOTL.CD,mediumHigh
NGA,NE.DAB.TOTL.CD,mediumHigh
THA,NE.DAB.TOTL.CD,mediumHigh
SST,NE.DAB.TOTL.CD,mediumHigh
SWE,NE.DAB.TOTL.CD,mediumHigh
LIC,NE.DAB.TOTL.CD,mediumHigh
BEL,NE.DAB.TOTL.CD,mediumHigh
POL,NE.DAB.TOTL.CD,mediumHigh
CHE,NE.DAB.TOTL.CD,mediumHigh
SAU,NE.DAB.TOTL.CD,mediumHigh
TUR,NE.DAB.TOTL.CD,mediumHigh
NLD,NE.DAB.TOTL.CD,mediumHigh
AFW,NE.DAB.TOTL.CD,mediumHigh
HPC,NE.DAB.TOTL.CD,mediumHigh
AFE,NE.DAB.TOTL.CD,mediumHigh
IDB,NE.DAB.TOTL.CD,mediumHigh
IDN,NE.DAB.TOTL.CD,mediumHigh
LDC,NE.DAB.TOTL.CD,mediumHigh
MEX,NE.DAB.TOTL.CD,mediumHigh
ESP,NE.DAB.TOTL.CD,mediumHigh
AUS,NE.DAB.TOTL.CD,mediumHigh
PRE,NE.DAB.TOTL.CD,mediumHigh
IDX,NE.DAB.TOTL.CD,mediumHigh
TMN,NE.DAB.TOTL.CD,mediumHigh
MNA,NE.DAB.TOTL.CD,mediumHigh
RUS,NE.DAB.TOTL.CD,mediumHigh
KOR,NE.DAB.TOTL.CD,mediumHigh
CEB,NE.DAB.TOTL.CD,mediumHigh
FCS,NE.DAB.TOTL.CD,high
CAN,NE.DAB.TOTL.CD,high
SSA,NE.DAB.TOTL.CD,high
SSF,NE.DAB.TOTL.CD,high
TSS,NE.DAB.TOTL.CD,high
BRA,NE.DAB.TOTL.CD,high
ITA,NE.DAB.TOTL.CD,high
IDA,NE.DAB.TOTL.CD,high
ARB,NE.DAB.TOTL.CD,high
FRA,NE.DAB.TOTL.CD,high
IND,NE.DAB.TOTL.CD,high
GBR,NE.DAB.TOTL.CD,high
ECA,NE.DAB.TOTL.CD,high
MEA,NE.DAB.TOTL.CD,high
DEU,NE.DAB.TOTL.CD,high
TSA,NE.DAB.TOTL.CD,high
SAS,NE.DAB.TOTL.CD,high
TEC,NE.DAB.TOTL.CD,high
LAC,NE.DAB.TOTL.CD,high
JPN,NE.DAB.TOTL.CD,high
TLA,NE.DAB.TOTL.CD,high
LCN,NE.DAB.TOTL.CD,high
LMC,NE.DAB.TOTL.CD,high
EAR,NE.DAB.TOTL.CD,high
EMU,NE.DAB.TOTL.CD,high
CHN,NE.DAB.TOTL.CD,high
EUU,NE.DAB.TOTL.CD,high
TEA,NE.DAB.TOTL.CD,high
EAP,NE.DAB.TOTL.CD,high
USA,NE.DAB.TOTL.CD,high
ECS,NE.DAB.TOTL.CD,high
LTE,NE.DAB.TOTL.CD,high
UMC,NE.DAB.TOTL.CD,high
NAC,NE.DAB.TOTL.CD,high
EAS,NE.DAB.TOTL.CD,high
IBD,NE.DAB.TOTL.CD,high
MIC,NE.DAB.TOTL.CD,high
LMY,NE.DAB.TOTL.CD,high
IBT,NE.DAB.TOTL.CD,high
PST,NE.DAB.TOTL.CD,high
OED,NE.DAB.TOTL.CD,high
HIC,NE.DAB.TOTL.CD,high
WLD,NE.DAB.TOTL.CD,high
LBR,NY.GDP.PCAP.CN,low
TLS,NY.GDP.PCAP.CN,low
KIR,NY.GDP.PCAP.CN,low
JOR,NY.GDP.PCAP.CN,low
FSM,NY.GDP.PCAP.CN,low
PSE,NY.GDP.PCAP.CN,low
XKX,NY.GDP.PCAP.CN,low
MHL,NY.GDP.PCAP.CN,low
SLV,NY.GDP.PCAP.CN,low
ECU,NY.GDP.PCAP.CN,low
TUV,NY.GDP.PCAP.CN,low
OMN,NY.GDP.PCAP.CN,low
MNE,NY.GDP.PCAP.CN,low
AZE,NY.GDP.PCAP.CN,low
TJK,NY.GDP.PCAP.CN,low
BHR,NY.GDP.PCAP.CN,low
CUB,NY.GDP.PCAP.CN,low
PNG,NY.GDP.PCAP.CN,low
KWT,NY.GDP.PCAP.CN,low
BLZ,NY.GDP.PCAP.CN,low
TUN,NY.GDP.PCAP.CN,low
BIH,NY.GDP.PCAP.CN,low
TON,NY.GDP.PCAP.CN,low
WSM,NY.GDP.PCAP.CN,low
ASM,NY.GDP.PCAP.CN,low
GHA,NY.GDP.PCAP.CN,low
ZWE,NY.GDP.PCAP.CN,low
GEO,NY.GDP.PCAP.CN,low
FJI,NY.GDP.PCAP.CN,low
LBY,NY.GDP.PCAP.CN,low
BLR,NY.GDP.PCAP.CN,low
PLW,NY.GDP.PCAP.CN,low
NRU,NY.GDP.PCAP.CN,low
PAN,NY.GDP.PCAP.CN,low
LVA,NY.GDP.PCAP.CN,low
LSO,NY.GDP.PCAP.CN,low
ZMB,NY.GDP.PCAP.CN,low
GRC,NY.GDP.PCAP.CN,low
SVK,NY.GDP.PCAP.CN,low
BGR,NY.GDP.PCAP.CN,low
LTU,NY.GDP.PCAP.CN,low
SLB,NY.GDP.PCAP.CN,low
MNP,NY.GDP.PCAP.CN,mediumLow
PRT,NY.GDP.PCAP.CN,mediumLow
EST,NY.GDP.PCAP.CN,mediumLow
VCT,NY.GDP.PCAP.CN,mediumLow
DMA,NY.GDP.PCAP.CN,mediumLow
SVN,NY.GDP.PCAP.CN,mediumLow
PER,NY.GDP.PCAP.CN,mediumLow
ETH,NY.GDP.PCAP.CN,mediumLow
BOL,NY.GDP.PCAP.CN,mediumLow
CYP,NY.GDP.PCAP.CN,mediumLow
ESP,NY.GDP.PCAP.CN,mediumLow
TKM,NY.GDP.PCAP.CN,mediumLow
MLT,NY.GDP.PCAP.CN,mediumLow
GRD,NY.GDP.PCAP.CN,mediumLow
ITA,NY.GDP.PCAP.CN,mediumLow
MAR,NY.GDP.PCAP.CN,mediumLow
LCA,NY.GDP.PCAP.CN,mediumLow
TCA,NY.GDP.PCAP.CN,mediumLow
MOZ,NY.GDP.PCAP.CN,mediumLow
PRI,NY.GDP.PCAP.CN,mediumLow
GBR,NY.GDP.PCAP.CN,mediumLow
BHS,NY.GDP.PCAP.CN,mediumLow
CUW,NY.GDP.PCAP.CN,mediumLow
BRA,NY.GDP.PCAP.CN,mediumLow
GTM,NY.GDP.PCAP.CN,mediumLow
FRA,NY.GDP.PCAP.CN,mediumLow
AND,NY.GDP.PCAP.CN,mediumLow
BRB,NY.GDP.PCAP.CN,mediumLow
GUM,NY.GDP.PCAP.CN,mediumLow
VIR,NY.GDP.PCAP.CN,mediumLow
AFG,NY.GDP.PCAP.CN,mediumLow
GMB,NY.GDP.PCAP.CN,mediumLow
BEL,NY.GDP.PCAP.CN,mediumLow
DEU,NY.GDP.PCAP.CN,mediumLow
BRN,NY.GDP.PCAP.CN,mediumLow
SMR,NY.GDP.PCAP.CN,mediumLow
FIN,NY.GDP.PCAP.CN,mediumLow
STP,NY.GDP.PCAP.CN,mediumLow
AUT,NY.GDP.PCAP.CN,mediumLow
SDN,NY.GDP.PCAP.CN,mediumLow
NLD,NY.GDP.PCAP.CN,mediumLow
ATG,NY.GDP.PCAP.CN,mediumLow
MYS,NY.GDP.PCAP.CN,medium
TUR,NY.GDP.PCAP.CN,medium
EGY,NY.GDP.PCAP.CN,medium
SUR,NY.GDP.PCAP.CN,medium
ROU,NY.GDP.PCAP.CN,medium
ABW,NY.GDP.PCAP.CN,medium
SWZ,NY.GDP.PCAP.CN,medium
KNA,NY.GDP.PCAP.CN,medium
POL,NY.GDP.PCAP.CN,medium
CAN,NY.GDP.PCAP.CN,medium
HND,NY.GDP.PCAP.CN,medium
NIC,NY.GDP.PCAP.CN,medium
MRT,NY.GDP.PCAP.CN,medium
NZL,NY.GDP.PCAP.CN,medium
USA,NY.GDP.PCAP.CN,medium
IMN,NY.GDP.PCAP.CN,medium
CHN,NY.GDP.PCAP.CN,medium
IRL,NY.GDP.PCAP.CN,medium
NAM,NY.GDP.PCAP.CN,medium
CYM,NY.GDP.PCAP.CN,medium
AUS,NY.GDP.PCAP.CN,medium
BWA,NY.GDP.PCAP.CN,medium
MDA,NY.GDP.PCAP.CN,medium
CHE,NY.GDP.PCAP.CN,medium
SAU,NY.GDP.PCAP.CN,medium
SGP,NY.GDP.PCAP.CN,medium
UKR,NY.GDP.PCAP.CN,medium
ZAF,NY.GDP.PCAP.CN,medium
KGZ,NY.GDP.PCAP.CN,medium
LUX,NY.GDP.PCAP.CN,medium
HRV,NY.GDP.PCAP.CN,medium
HTI,NY.GDP.PCAP.CN,medium
TTO,NY.GDP.PCAP.CN,medium
BMU,NY.GDP.PCAP.CN,medium
NPL,NY.GDP.PCAP.CN,medium
IND,NY.GDP.PCAP.CN,medium
ISR,NY.GDP.PCAP.CN,medium
ARE,NY.GDP.PCAP.CN,medium
MDV,NY.GDP.PCAP.CN,medium
LIE,NY.GDP.PCAP.CN,medium
MCO,NY.GDP.PCAP.CN,medium
PHL,NY.GDP.PCAP.CN,mediumHigh
BGD,NY.GDP.PCAP.CN,mediumHigh
MEX,NY.GDP.PCAP.CN,mediumHigh
KEN,NY.GDP.PCAP.CN,mediumHigh
PAK,NY.GDP.PCAP.CN,mediumHigh
QAT,NY.GDP.PCAP.CN,mediumHigh
BTN,NY.GDP.PCAP.CN,mediumHigh
SYC,NY.GDP.PCAP.CN,mediumHigh
THA,NY.GDP.PCAP.CN,mediumHigh
CAF,NY.GDP.PCAP.CN,mediumHigh
NER,NY.GDP.PCAP.CN,mediumHigh
MKD,NY.GDP.PCAP.CN,mediumHigh
CPV,NY.GDP.PCAP.CN,mediumHigh
GRL,NY.GDP.PCAP.CN,mediumHigh
VUT,NY.GDP.PCAP.CN,mediumHigh
HKG,NY.GDP.PCAP.CN,mediumHigh
MUS,NY.GDP.PCAP.CN,mediumHigh
DNK,NY.GDP.PCAP.CN,mediumHigh
TCD,NY.GDP.PCAP.CN,mediumHigh
DOM,NY.GDP.PCAP.CN,mediumHigh
YEM,NY.GDP.PCAP.CN,mediumHigh
GNB,NY.GDP.PCAP.CN,mediumHigh
MWI,NY.GDP.PCAP.CN,mediumHigh
FRO,NY.GDP.PCAP.CN,mediumHigh
BFA,NY.GDP.PCAP.CN,mediumHigh
DZA,NY.GDP.PCAP.CN,mediumHigh
BDI,NY.GDP.PCAP.CN,mediumHigh
ARG,NY.GDP.PCAP.CN,mediumHigh
SWE,NY.GDP.PCAP.CN,mediumHigh
MLI,NY.GDP.PCAP.CN,mediumHigh
TGO,NY.GDP.PCAP.CN,mediumHigh
CZE,NY.GDP.PCAP.CN,mediumHigh
DJI,NY.GDP.PCAP.CN,mediumHigh
ALB,NY.GDP.PCAP.CN,mediumHigh
COM,NY.GDP.PCAP.CN,mediumHigh
URY,NY.GDP.PCAP.CN,mediumHigh
NOR,NY.GDP.PCAP.CN,mediumHigh
LKA,NY.GDP.PCAP.CN,mediumHigh
MAC,NY.GDP.PCAP.CN,mediumHigh
BEN,NY.GDP.PCAP.CN,mediumHigh
JAM,NY.GDP.PCAP.CN,mediumHigh
NGA,NY.GDP.PCAP.CN,high
RWA,NY.GDP.PCAP.CN,high
RUS,NY.GDP.PCAP.CN,high
SRB,NY.GDP.PCAP.CN,high
SEN,NY.GDP.PCAP.CN,high
CMR,NY.GDP.PCAP.CN,high
AGO,NY.GDP.PCAP.CN,high
COD,NY.GDP.PCAP.CN,high
CIV,NY.GDP.PCAP.CN,high
GUY,NY.GDP.PCAP.CN,high
COG,NY.GDP.PCAP.CN,high
MDG,NY.GDP.PCAP.CN,high
MMR,NY.GDP.PCAP.CN,high
ARM,NY.GDP.PCAP.CN,high
PYF,NY.GDP.PCAP.CN,high
TZA,NY.GDP.PCAP.CN,high
UGA,NY.GDP.PCAP.CN,high
NCL,NY.GDP.PCAP.CN,high
KAZ,NY.GDP.PCAP.CN,high
JPN,NY.GDP.PCAP.CN,high
GAB,NY.GDP.PCAP.CN,high
SLE,NY.GDP.PCAP.CN,high
HUN,NY.GDP.PCAP.CN,high
GNQ,NY.GDP.PCAP.CN,high
KHM,NY.GDP.PCAP.CN,high
IRQ,NY.GDP.PCAP.CN,high
CRI,NY.GDP.PCAP.CN,high
ISL,NY.GDP.PCAP.CN,high
GIN,NY.GDP.PCAP.CN,high
CHL,NY.GDP.PCAP.CN,high
SOM,NY.GDP.PCAP.CN,high
LBN,NY.GDP.PCAP.CN,high
MNG,NY.GDP.PCAP.CN,high
UZB,NY.GDP.PCAP.CN,high
COL,NY.GDP.PCAP.CN,high
LAO,NY.GDP.PCAP.CN,high
PRY,NY.GDP.PCAP.CN,high
KOR,NY.GDP.PCAP.CN,high
IDN,NY.GDP.PCAP.CN,high
VNM,NY.GDP.PCAP.CN,high
IRN,NY.GDP.PCAP.CN,high
SVK,SI.POV.GINI,low
SVN,SI.POV.GINI,low
CZE,SI.POV.GINI,low
BLR,SI.POV.GINI,low
MDA,SI.POV.GINI,low
UKR,SI.POV.GINI,low
BEL,SI.POV.GINI,low
NOR,SI.POV.GINI,low
DNK,SI.POV.GINI,low
FIN,SI.POV.GINI,low
KIR,SI.POV.GINI,low
HRV,SI.POV.GINI,low
NLD,SI.POV.GINI,mediumLow
MDV,SI.POV.GINI,mediumLow
SWE,SI.POV.GINI,mediumLow
KGZ,SI.POV.GINI,mediumLow
ARM,SI.POV.GINI,mediumLow
HUN,SI.POV.GINI,mediumLow
AUT,SI.POV.GINI,mediumLow
FJI,SI.POV.GINI,mediumLow
ALB,SI.POV.GINI,mediumLow
EST,SI.POV.GINI,mediumLow
MLT,SI.POV.GINI,mediumLow
CYP,SI.POV.GINI,mediumLow
VUT,SI.POV.GINI,medium
PRT,SI.POV.GINI,medium
GRC,SI.POV.GINI,medium
LUX,SI.POV.GINI,medium
ESP,SI.POV.GINI,medium
SRB,SI.POV.GINI,medium
LVA,SI.POV.GINI,medium
ROU,SI.POV.GINI,medium
THA,SI.POV.GINI,medium
LTU,SI.POV.GINI,medium
MHL,SI.POV.GINI,medium
GEO,SI.POV.GINI,medium
IDN,SI.POV.GINI,mediumHigh
RUS,SI.POV.GINI,mediumHigh
CHN,SI.POV.GINI,mediumHigh
MWI,SI.POV.GINI,mediumHigh
SLV,SI.POV.GINI,mediumHigh
URY,SI.POV.GINI,mediumHigh
BGR,SI.POV.GINI,mediumHigh
IRN,SI.POV.GINI,mediumHigh
USA,SI.POV.GINI,mediumHigh
BOL,SI.POV.GINI,mediumHigh
PER,SI.POV.GINI,mediumHigh
TUR,SI.POV.GINI,mediumHigh
DOM,SI.POV.GINI,mediumHigh
UGA,SI.POV.GINI,high
ARG,SI.POV.GINI,high
PRY,SI.POV.GINI,high
ECU,SI.POV.GINI,high
CRI,SI.POV.GINI,high
HND,SI.POV.GINI,high
PAN,SI.POV.GINI,high
ZWE,SI.POV.GINI,high
COL,SI.POV.GINI,high
BRA,SI.POV.GINI,high
MAC,NV.IND.TOTL.ZS,low
FSM,NV.IND.TOTL.ZS,low
SLE,NV.IND.TOTL.ZS,low
HKG,NV.IND.TOTL.ZS,low
BMU,NV.IND.TOTL.ZS,low
KIR,NV.IND.TOTL.ZS,low
IMN,NV.IND.TOTL.ZS,low
CYM,NV.IND.TOTL.ZS,low
COM,NV.IND.TOTL.ZS,low
PLW,NV.IND.TOTL.ZS,low
LCA,NV.IND.TOTL.ZS,low
BDI,NV.IND.TOTL.ZS,low
MDV,NV.IND.TOTL.ZS,low
AND,NV.IND.TOTL.ZS,low
LUX,NV.IND.TOTL.ZS,low
TCA,NV.IND.TOTL.ZS,low
BRB,NV.IND.TOTL.ZS,low
BHS,NV.IND.TOTL.ZS,low
MLT,NV.IND.TOTL.ZS,low
LBN,NV.IND.TOTL.ZS,low
BLZ,NV.IND.TOTL.ZS,low
CYP,NV.IND.TOTL.ZS,low
NPL,NV.IND.TOTL.ZS,low
MCO,NV.IND.TOTL.ZS,low
GNB,NV.IND.TOTL.ZS,low
GRC,NV.IND.TOTL.ZS,low
STP,NV.IND.TOTL.ZS,low
PSS,NV.IND.TOTL.ZS,low
GRD,NV.IND.TOTL.ZS,low
VCT,NV.IND.TOTL.ZS,low
AFG,NV.IND.TOTL.ZS,low
MHL,NV.IND.TOTL.ZS,low
TCD,NV.IND.TOTL.ZS,low
DJI,NV.IND.TOTL.ZS,low
SYC,NV.IND.TOTL.ZS,low
DMA,NV.IND.TOTL.ZS,low
TON,NV.IND.TOTL.ZS,low
FJI,NV.IND.TOTL.ZS,low
WSM,NV.IND.TOTL.ZS,low
MNE,NV.IND.TOTL.ZS,low
BEN,NV.IND.TOTL.ZS,low
CUW,NV.IND.TOTL.ZS,low
KEN,NV.IND.TOTL.ZS,low
LBR,NV.IND.TOTL.ZS,low
MUS,NV.IND.TOTL.ZS,low
GMB,NV.IND.TOTL.ZS,low
GRL,NV.IND.TOTL.ZS,low
FRA,NV.IND.TOTL.ZS,low
NLD,NV.IND.TOTL.ZS,low
URY,NV.IND.TOTL.ZS,mediumLow
GBR,NV.IND.TOTL.ZS,mediumLow
USA,NV.IND.TOTL.ZS,mediumLow
PSE,NV.IND.TOTL.ZS,mediumLow
MWI,NV.IND.TOTL.ZS,mediumLow
ISR,NV.IND.TOTL.ZS,mediumLow
BRA,NV.IND.TOTL.ZS,mediumLow
NAC,NV.IND.TOTL.ZS,mediumLow
PRT,NV.IND.TOTL.ZS,mediumLow
RWA,NV.IND.TOTL.ZS,mediumLow
LVA,NV.IND.TOTL.ZS,mediumLow
FRO,NV.IND.TOTL.ZS,mediumLow
BEL,NV.IND.TOTL.ZS,mediumLow
CRI,NV.IND.TOTL.ZS,mediumLow
MDG,NV.IND.TOTL.ZS,mediumLow
JAM,NV.IND.TOTL.ZS,mediumLow
PAK,NV.IND.TOTL.ZS,mediumLow
CPV,NV.IND.TOTL.ZS,mediumLow
ISL,NV.IND.TOTL.ZS,mediumLow
HRV,NV.IND.TOTL.ZS,mediumLow
ESP,NV.IND.TOTL.ZS,mediumLow
GEO,NV.IND.TOTL.ZS,mediumLow
NZL,NV.IND.TOTL.ZS,mediumLow
CAF,NV.IND.TOTL.ZS,mediumLow
NER,NV.IND.TOTL.ZS,mediumLow
ALB,NV.IND.TOTL.ZS,mediumLow
MLI,NV.IND.TOTL.ZS,mediumLow
ATG,NV.IND.TOTL.ZS,mediumLow
TGO,NV.IND.TOTL.ZS,mediumLow
CIV,NV.IND.TOTL.ZS,mediumLow
DNK,NV.IND.TOTL.ZS,mediumLow
PST,NV.IND.TOTL.ZS,mediumLow
ITA,NV.IND.TOTL.ZS,mediumLow
BGR,NV.IND.TOTL.ZS,mediumLow
SDN,NV.IND.TOTL.ZS,mediumLow
GTM,NV.IND.TOTL.ZS,mediumLow
SWE,NV.IND.TOTL.ZS,mediumLow
OED,NV.IND.TOTL.ZS,mediumLow
EMU,NV.IND.TOTL.ZS,mediumLow
NCL,NV.IND.TOTL.ZS,mediumLow
MDA,NV.IND.TOTL.ZS,mediumLow
UKR,NV.IND.TOTL.ZS,mediumLow
HIC,NV.IND.TOTL.ZS,mediumLow
EUU,NV.IND.TOTL.ZS,mediumLow
EST,NV.IND.TOTL.ZS,mediumLow
HTI,NV.IND.TOTL.ZS,mediumLow
TUN,NV.IND.TOTL.ZS,mediumLow
ECS,NV.IND.TOTL.ZS,mediumLow
ZAF,NV.IND.TOTL.ZS,medium
SEN,NV.IND.TOTL.ZS,medium
MOZ,NV.IND.TOTL.ZS,medium
MKD,NV.IND.TOTL.ZS,medium
CMR,NV.IND.TOTL.ZS,medium
FIN,NV.IND.TOTL.ZS,medium
BIH,NV.IND.TOTL.ZS,medium
ARG,NV.IND.TOTL.ZS,medium
KNA,NV.IND.TOTL.ZS,medium
SGP,NV.IND.TOTL.ZS,medium
JOR,NV.IND.TOTL.ZS,medium
LAC,NV.IND.TOTL.ZS,medium
IDB,NV.IND.TOTL.ZS,medium
CUB,NV.IND.TOTL.ZS,medium
IND,NV.IND.TOTL.ZS,medium
CSS,NV.IND.TOTL.ZS,medium
NIC,NV.IND.TOTL.ZS,medium
HUN,NV.IND.TOTL.ZS,medium
ETH,NV.IND.TOTL.ZS,medium
TSA,NV.IND.TOTL.ZS,medium
SAS,NV.IND.TOTL.ZS,medium
CHE,NV.IND.TOTL.ZS,medium
ARM,NV.IND.TOTL.ZS,medium
AUT,NV.IND.TOTL.ZS,medium
DZA,NV.IND.TOTL.ZS,medium
BOL,NV.IND.TOTL.ZS,medium
SLV,NV.IND.TOTL.ZS,medium
LTU,NV.IND.TOTL.ZS,medium
MAR,NV.IND.TOTL.ZS,medium
AUS,NV.IND.TOTL.ZS,medium
SRB,NV.IND.TOTL.ZS,medium
HPC,NV.IND.TOTL.ZS,medium
COL,NV.IND.TOTL.ZS,medium
LIC,NV.IND.TOTL.ZS,medium
MRT,NV.IND.TOTL.ZS,medium
AFE,NV.IND.TOTL.ZS,medium
IDA,NV.IND.TOTL.ZS,medium
UGA,NV.IND.TOTL.ZS,medium
WLD,NV.IND.TOTL.ZS,medium
SSF,NV.IND.TOTL.ZS,medium
TSS,NV.IND.TOTL.ZS,medium
SSA,NV.IND.TOTL.ZS,medium
ROU,NV.IND.TOTL.ZS,medium
DEU,NV.IND.TOTL.ZS,medium
NAM,NV.IND.TOTL.ZS,medium
HND,NV.IND.TOTL.ZS,medium
XKX,NV.IND.TOTL.ZS,medium
AFW,NV.IND.TOTL.ZS,medium
BFA,NV.IND.TOTL.ZS,mediumHigh
CHL,NV.IND.TOTL.ZS,mediumHigh
TUR,NV.IND.TOTL.ZS,mediumHigh
LKA,NV.IND.TOTL.ZS,mediumHigh
CEB,NV.IND.TOTL.ZS,mediumHigh
NGA,NV.IND.TOTL.ZS,mediumHigh
POL,NV.IND.TOTL.ZS,mediumHigh
IDX,NV.IND.TOTL.ZS,mediumHigh
LMC,NV.IND.TOTL.ZS,mediumHigh
KGZ,NV.IND.TOTL.ZS,mediumHigh
TZA,NV.IND.TOTL.ZS,mediumHigh
JPN,NV.IND.TOTL.ZS,mediumHigh
TLA,NV.IND.TOTL.ZS,mediumHigh
GUY,NV.IND.TOTL.ZS,mediumHigh
LCN,NV.IND.TOTL.ZS,mediumHigh
SVN,NV.IND.TOTL.ZS,mediumHigh
NOR,NV.IND.TOTL.ZS,mediumHigh
DOM,NV.IND.TOTL.ZS,mediumHigh
GIN,NV.IND.TOTL.ZS,mediumHigh
TEC,NV.IND.TOTL.ZS,mediumHigh
SVK,NV.IND.TOTL.ZS,mediumHigh
PAN,NV.IND.TOTL.ZS,mediumHigh
LSO,NV.IND.TOTL.ZS,mediumHigh
LDC,NV.IND.TOTL.ZS,mediumHigh
TLS,NV.IND.TOTL.ZS,mediumHigh
ECA,NV.IND.TOTL.ZS,mediumHigh
PHL,NV.IND.TOTL.ZS,mediumHigh
PER,NV.IND.TOTL.ZS,mediumHigh
MEX,NV.IND.TOTL.ZS,mediumHigh
GHA,NV.IND.TOTL.ZS,mediumHigh
UZB,NV.IND.TOTL.ZS,mediumHigh
CZE,NV.IND.TOTL.ZS,mediumHigh
PRE,NV.IND.TOTL.ZS,mediumHigh
LAO,NV.IND.TOTL.ZS,mediumHigh
EAR,NV.IND.TOTL.ZS,mediumHigh
BLR,NV.IND.TOTL.ZS,mediumHigh
BWA,NV.IND.TOTL.ZS,mediumHigh
RUS,NV.IND.TOTL.ZS,mediumHigh
KOR,NV.IND.TOTL.ZS,mediumHigh
ECU,NV.IND.TOTL.ZS,mediumHigh
IRN,NV.IND.TOTL.ZS,mediumHigh
BGD,NV.IND.TOTL.ZS,mediumHigh
LMY,NV.IND.TOTL.ZS,mediumHigh
MIC,NV.IND.TOTL.ZS,mediumHigh
KAZ,NV.IND.TOTL.ZS,mediumHigh
TJK,NV.IND.TOTL.ZS,mediumHigh
PRY,NV.IND.TOTL.ZS,mediumHigh
IBT,NV.IND.TOTL.ZS,mediumHigh
SUR,NV.IND.TOTL.ZS,high
THA,NV.IND.TOTL.ZS,high
IBD,NV.IND.TOTL.ZS,high
SWZ,NV.IND.TOTL.ZS,high
KHM,NV.IND.TOTL.ZS,high
MNA,NV.IND.TOTL.ZS,high
EAS,NV.IND.TOTL.ZS,high
TMN,NV.IND.TOTL.ZS,high
UMC,NV.IND.TOTL.ZS,high
ZWE,NV.IND.TOTL.ZS,high
ZMB,NV.IND.TOTL.ZS,high
LTE,NV.IND.TOTL.ZS,high
YEM,NV.IND.TOTL.ZS,high
EGY,NV.IND.TOTL.ZS,high
IRL,NV.IND.TOTL.ZS,high
BTN,NV.IND.TOTL.ZS,high
PNG,NV.IND.TOTL.ZS,high
MYS,NV.IND.TOTL.ZS,high
SST,NV.IND.TOTL.ZS,high
TEA,NV.IND.TOTL.ZS,high
EAP,NV.IND.TOTL.ZS,high
MMR,NV.IND.TOTL.ZS,high
MNG,NV.IND.TOTL.ZS,high
CHN,NV.IND.TOTL.ZS,high
IDN,NV.IND.TOTL.ZS,high
MEA,NV.IND.TOTL.ZS,high
TTO,NV.IND.TOTL.ZS,high
COD,NV.IND.TOTL.ZS,high
OSS,NV.IND.TOTL.ZS,high
TKM,NV.IND.TOTL.ZS,high
BHR,NV.IND.TOTL.ZS,high
ARB,NV.IND.TOTL.ZS,high
SSD,NV.IND.TOTL.ZS,high
LIE,NV.IND.TOTL.ZS,high
ARE,NV.IND.TOTL.ZS,high
SAU,NV.IND.TOTL.ZS,high
GAB,NV.IND.TOTL.ZS,high
COG,NV.IND.TOTL.ZS,high
LBY,NV.IND.TOTL.ZS,high
AZE,NV.IND.TOTL.ZS,high
AGO,NV.IND.TOTL.ZS,high
PRI,NV.IND.TOTL.ZS,high
OMN,NV.IND.TOTL.ZS,high
GNQ,NV.IND.TOTL.ZS,high
IRQ,NV.IND.TOTL.ZS,high
QAT,NV.IND.TOTL.ZS,high
KWT,NV.IND.TOTL.ZS,high
BRN,NV.IND.TOTL.ZS,high
COD,EN.ATM.CO2E.PC,low
SOM,EN.ATM.CO2E.PC,low
CAF,EN.ATM.CO2E.PC,low
BDI,EN.ATM.CO2E.PC,low
MWI,EN.ATM.CO2E.PC,low
NER,EN.ATM.CO2E.PC,low
RWA,EN.ATM.CO2E.PC,low
SLE,EN.ATM.CO2E.PC,low
UGA,EN.ATM.CO2E.PC,low
TCD,EN.ATM.CO2E.PC,low
MDG,EN.ATM.CO2E.PC,low
SSD,EN.ATM.CO2E.PC,low
AFG,EN.ATM.CO2E.PC,low
ETH,EN.ATM.CO2E.PC,low
GNB,EN.ATM.CO2E.PC,low
TZA,EN.ATM.CO2E.PC,low
LBR,EN.ATM.CO2E.PC,low
BFA,EN.ATM.CO2E.PC,low
MOZ,EN.ATM.CO2E.PC,low
GMB,EN.ATM.CO2E.PC,low
ERI,EN.ATM.CO2E.PC,low
HPC,EN.ATM.CO2E.PC,low
TGO,EN.ATM.CO2E.PC,low
HTI,EN.ATM.CO2E.PC,low
LIC,EN.ATM.CO2E.PC,low
MLI,EN.ATM.CO2E.PC,low
GIN,EN.ATM.CO2E.PC,low
LDC,EN.ATM.CO2E.PC,low
LSO,EN.ATM.CO2E.PC,low
CMR,EN.ATM.CO2E.PC,low
COM,EN.ATM.CO2E.PC,low
YEM,EN.ATM.CO2E.PC,low
ZMB,EN.ATM.CO2E.PC,low
IDX,EN.ATM.CO2E.PC,low
CIV,EN.ATM.CO2E.PC,low
KEN,EN.ATM.CO2E.PC,low
DJI,EN.ATM.CO2E.PC,low
NPL,EN.ATM.CO2E.PC,low
TLS,EN.ATM.CO2E.PC,low
SDN,EN.ATM.CO2E.PC,low
AFW,EN.ATM.CO2E.PC,low
PRE,EN.ATM.CO2E.PC,low
SLB,EN.ATM.CO2E.PC,low
IDA,EN.ATM.CO2E.PC,low
BGD,EN.ATM.CO2E.PC,low
NGA,EN.ATM.CO2E.PC,low
BEN,EN.ATM.CO2E.PC,low
SEN,EN.ATM.CO2E.PC,low
GHA,EN.ATM.CO2E.PC,mediumLow
MMR,EN.ATM.CO2E.PC,mediumLow
STP,EN.ATM.CO2E.PC,mediumLow
VUT,EN.ATM.CO2E.PC,mediumLow
SSA,EN.ATM.CO2E.PC,mediumLow
SSF,EN.ATM.CO2E.PC,mediumLow
TSS,EN.ATM.CO2E.PC,mediumLow
KIR,EN.ATM.CO2E.PC,mediumLow
FCS,EN.ATM.CO2E.PC,mediumLow
AGO,EN.ATM.CO2E.PC,mediumLow
NIC,EN.ATM.CO2E.PC,mediumLow
ZWE,EN.ATM.CO2E.PC,mediumLow
SWZ,EN.ATM.CO2E.PC,mediumLow
TUV,EN.ATM.CO2E.PC,mediumLow
PNG,EN.ATM.CO2E.PC,mediumLow
IDB,EN.ATM.CO2E.PC,mediumLow
MRT,EN.ATM.CO2E.PC,mediumLow
PAK,EN.ATM.CO2E.PC,mediumLow
AFE,EN.ATM.CO2E.PC,mediumLow
KHM,EN.ATM.CO2E.PC,mediumLow
TJK,EN.ATM.CO2E.PC,mediumLow
HND,EN.ATM.CO2E.PC,mediumLow
LKA,EN.ATM.CO2E.PC,mediumLow
GTM,EN.ATM.CO2E.PC,mediumLow
PRY,EN.ATM.CO2E.PC,mediumLow
CPV,EN.ATM.CO2E.PC,mediumLow
SLV,EN.ATM.CO2E.PC,mediumLow
PHL,EN.ATM.CO2E.PC,mediumLow
COG,EN.ATM.CO2E.PC,mediumLow
BTN,EN.ATM.CO2E.PC,mediumLow
PSS,EN.ATM.CO2E.PC,mediumLow
SYR,EN.ATM.CO2E.PC,mediumLow
SAS,EN.ATM.CO2E.PC,mediumLow
TSA,EN.ATM.CO2E.PC,mediumLow
WSM,EN.ATM.CO2E.PC,mediumLow
TON,EN.ATM.CO2E.PC,mediumLow
KGZ,EN.ATM.CO2E.PC,mediumLow
FSM,EN.ATM.CO2E.PC,mediumLow
COL,EN.ATM.CO2E.PC,mediumLow
CRI,EN.ATM.CO2E.PC,mediumLow
BLZ,EN.ATM.CO2E.PC,mediumLow
NAM,EN.ATM.CO2E.PC,mediumLow
ALB,EN.ATM.CO2E.PC,mediumLow
PER,EN.ATM.CO2E.PC,mediumLow
LMC,EN.ATM.CO2E.PC,mediumLow
IND,EN.ATM.CO2E.PC,mediumLow
FJI,EN.ATM.CO2E.PC,mediumLow
URY,EN.ATM.CO2E.PC,mediumLow
BOL,EN.ATM.CO2E.PC,medium
MAR,EN.ATM.CO2E.PC,medium
BRA,EN.ATM.CO2E.PC,medium
ARM,EN.ATM.CO2E.PC,medium
PRK,EN.ATM.CO2E.PC,medium
ECU,EN.ATM.CO2E.PC,medium
EAR,EN.ATM.CO2E.PC,medium
CUB,EN.ATM.CO2E.PC,medium
IDN,EN.ATM.CO2E.PC,medium
VCT,EN.ATM.CO2E.PC,medium
LAC,EN.ATM.CO2E.PC,medium
DMA,EN.ATM.CO2E.PC,medium
GAB,EN.ATM.CO2E.PC,medium
JOR,EN.ATM.CO2E.PC,medium
EGY,EN.ATM.CO2E.PC,medium
TLA,EN.ATM.CO2E.PC,medium
DOM,EN.ATM.CO2E.PC,medium
LCN,EN.ATM.CO2E.PC,medium
TUN,EN.ATM.CO2E.PC,medium
LAO,EN.ATM.CO2E.PC,medium
GEO,EN.ATM.CO2E.PC,medium
JAM,EN.ATM.CO2E.PC,medium
GRD,EN.ATM.CO2E.PC,medium
LCA,EN.ATM.CO2E.PC,medium
MHL,EN.ATM.CO2E.PC,medium
PAN,EN.ATM.CO2E.PC,medium
BWA,EN.ATM.CO2E.PC,medium
MLT,EN.ATM.CO2E.PC,medium
MUS,EN.ATM.CO2E.PC,medium
MDA,EN.ATM.CO2E.PC,medium
SWE,EN.ATM.CO2E.PC,medium
LMY,EN.ATM.CO2E.PC,medium
IBT,EN.ATM.CO2E.PC,medium
UZB,EN.ATM.CO2E.PC,medium
VNM,EN.ATM.CO2E.PC,medium
MEX,EN.ATM.CO2E.PC,medium
AZE,EN.ATM.CO2E.PC,medium
GUY,EN.ATM.CO2E.PC,medium
ARG,EN.ATM.CO2E.PC,medium
MIC,EN.ATM.CO2E.PC,medium
ROU,EN.ATM.CO2E.PC,medium
MNA,EN.ATM.CO2E.PC,medium
TMN,EN.ATM.CO2E.PC,medium
THA,EN.ATM.CO2E.PC,medium
UKR,EN.ATM.CO2E.PC,medium
VEN,EN.ATM.CO2E.PC,medium
LIE,EN.ATM.CO2E.PC,medium
GNQ,EN.ATM.CO2E.PC,medium
LVA,EN.ATM.CO2E.PC,mediumHigh
MDV,EN.ATM.CO2E.PC,mediumHigh
DZA,EN.ATM.CO2E.PC,mediumHigh
MKD,EN.ATM.CO2E.PC,mediumHigh
HRV,EN.ATM.CO2E.PC,mediumHigh
LBN,EN.ATM.CO2E.PC,mediumHigh
MNE,EN.ATM.CO2E.PC,mediumHigh
LTU,EN.ATM.CO2E.PC,mediumHigh
PRT,EN.ATM.CO2E.PC,mediumHigh
BRB,EN.ATM.CO2E.PC,mediumHigh
CHE,EN.ATM.CO2E.PC,mediumHigh
ARB,EN.ATM.CO2E.PC,mediumHigh
IRQ,EN.ATM.CO2E.PC,mediumHigh
IBD,EN.ATM.CO2E.PC,mediumHigh
FRA,EN.ATM.CO2E.PC,mediumHigh
WLD,EN.ATM.CO2E.PC,mediumHigh
ISL,EN.ATM.CO2E.PC,mediumHigh
SUR,EN.ATM.CO2E.PC,mediumHigh
KNA,EN.ATM.CO2E.PC,mediumHigh
HUN,EN.ATM.CO2E.PC,mediumHigh
TUR,EN.ATM.CO2E.PC,mediumHigh
CHL,EN.ATM.CO2E.PC,mediumHigh
ESP,EN.ATM.CO2E.PC,mediumHigh
DNK,EN.ATM.CO2E.PC,mediumHigh
CSS,EN.ATM.CO2E.PC,mediumHigh
GBR,EN.ATM.CO2E.PC,mediumHigh
ITA,EN.ATM.CO2E.PC,mediumHigh
ATG,EN.ATM.CO2E.PC,mediumHigh
NRU,EN.ATM.CO2E.PC,mediumHigh
GRC,EN.ATM.CO2E.PC,mediumHigh
MEA,EN.ATM.CO2E.PC,mediumHigh
BGR,EN.ATM.CO2E.PC,mediumHigh
SST,EN.ATM.CO2E.PC,mediumHigh
SVK,EN.ATM.CO2E.PC,mediumHigh
EAP,EN.ATM.CO2E.PC,mediumHigh
TEA,EN.ATM.CO2E.PC,mediumHigh
CYP,EN.ATM.CO2E.PC,mediumHigh
OSS,EN.ATM.CO2E.PC,mediumHigh
EUU,EN.ATM.CO2E.PC,mediumHigh
EMU,EN.ATM.CO2E.PC,mediumHigh
BLR,EN.ATM.CO2E.PC,mediumHigh
SYC,EN.ATM.CO2E.PC,mediumHigh
CEB,EN.ATM.CO2E.PC,mediumHigh
BIH,EN.ATM.CO2E.PC,mediumHigh
UMC,EN.ATM.CO2E.PC,mediumHigh
AND,EN.ATM.CO2E.PC,mediumHigh
EAS,EN.ATM.CO2E.PC,mediumHigh
SVN,EN.ATM.CO2E.PC,mediumHigh
ECS,EN.ATM.CO2E.PC,high
SRB,EN.ATM.CO2E.PC,high
LTE,EN.ATM.CO2E.PC,high
NOR,EN.ATM.CO2E.PC,high
NZL,EN.ATM.CO2E.PC,high
ISR,EN.ATM.CO2E.PC,high
MNG,EN.ATM.CO2E.PC,high
TEC,EN.ATM.CO2E.PC,high
IRL,EN.ATM.CO2E.PC,high
BHS,EN.ATM.CO2E.PC,high
AUT,EN.ATM.CO2E.PC,high
ECA,EN.ATM.CO2E.PC,high
FIN,EN.ATM.CO2E.PC,high
ZAF,EN.ATM.CO2E.PC,high
IRN,EN.ATM.CO2E.PC,high
CHN,EN.ATM.CO2E.PC,high
EST,EN.ATM.CO2E.PC,high
POL,EN.ATM.CO2E.PC,high
DEU,EN.ATM.CO2E.PC,high
MYS,EN.ATM.CO2E.PC,high
BEL,EN.ATM.CO2E.PC,high
SGP,EN.ATM.CO2E.PC,high
LBY,EN.ATM.CO2E.PC,high
NLD,EN.ATM.CO2E.PC,high
OED,EN.ATM.CO2E.PC,high
JPN,EN.ATM.CO2E.PC,high
CZE,EN.ATM.CO2E.PC,high
PST,EN.ATM.CO2E.PC,high
HIC,EN.ATM.CO2E.PC,high
KAZ,EN.ATM.CO2E.PC,high
RUS,EN.ATM.CO2E.PC,high
KOR,EN.ATM.CO2E.PC,high
TKM,EN.ATM.CO2E.PC,high
TTO,EN.ATM.CO2E.PC,high
PLW,EN.ATM.CO2E.PC,high
USA,EN.ATM.CO2E.PC,high
NAC,EN.ATM.CO2E.PC,high
AUS,EN.ATM.CO2E.PC,high
OMN,EN.ATM.CO2E.PC,high
SAU,EN.ATM.CO2E.PC,high
LUX,EN.ATM.CO2E.PC,high
CAN,EN.ATM.CO2E.PC,high
BRN,EN.ATM.CO2E.PC,high
ARE,EN.ATM.CO2E.PC,high
BHR,EN.ATM.CO2E.PC,high
KWT,EN.ATM.CO2E.PC,high
QAT,EN.ATM.CO2E.PC,high
